Age,Income,Credit Score,Loan Amount,Loan Term,Interest Rate,Employment Length,Home Ownership,Marital Status,Dependents
49,79217.09394190049,622,24169.419784782564,26,15.10703099471708,25,1,3,3
50,95263.0879396119,508,19698.928206116165,37,19.94206563166015,22,0,3,4
25,95297.90156002084,850,18167.12490741405,46,13.128368567675198,23,1,3,3
48,97235.06848838631,575,31284.87276805176,43,18.042805752794376,17,1,3,4
43,91696.49674131024,466,37269.45175801833,29,17.3411851873086,23,1,3,3
47,90353.423469621,689,30186.32732484317,42,14.408573612888336,11,1,3,5
39,119284.34259502268,804,22362.610914215515,36,13.554165752783335,19,1,3,4
44,68149.81933877456,619,34914.37822036559,37,11.022715434035256,11,1,3,2
42,113296.97868298869,762,21184.37192352953,39,17.58251901196893,19,1,3,2
45,40837.42461615017,597,38398.15961260585,32,13.372118791842473,23,1,3,4
51,104180.11820823558,540,27006.8089982909,29,17.893377997105723,14,1,3,4
45,119222.11153442637,694,19077.755169389195,39,12.827941190634382,22,1,3,2
48,84416.91304870007,475,28129.43343038523,28,14.127681563111112,15,1,3,3
34,73237.07815973663,639,19786.17834780333,36,12.8076681494739,20,1,3,3
48,116377.17014609966,638,22479.7195318368,37,17.995346871604223,19,1,3,3
63,62350.30985992654,576,16551.9513231417,27,12.761912943620455,21,1,3,3
46,76473.26363223564,703,28844.35135420922,42,13.027616825920171,18,1,3,4
52,108876.26036926812,428,20118.203117549336,39,10.1774924517199,36,0,3,3
51,96787.3912280882,482,11996.03899509147,40,9.258897237419156,29,0,3,3
56,43327.97031456527,378,25896.68946059008,38,16.9973712537792,23,1,3,4
60,59088.20963443197,523,20670.14644110635,40,21.02614797800084,22,1,3,4
51,56648.40066447198,683,24411.69060457724,36,12.221481449176098,35,1,3,3
61,41645.25536347868,544,9549.905517882533,38,16.368816184685596,24,0,3,3
61,55653.59931739208,579,14044.674360137891,40,17.527553273479416,21,0,0,4
44,82301.83692880171,483,23098.96922231992,34,17.70181378835034,22,1,3,5
42,93357.14451126783,690,17326.102853102602,36,17.62663876323395,13,1,3,3
53,62672.84022357323,507,32801.36734803291,32,10.161890168750924,17,1,3,2
47,124447.60747333034,538,25875.891624097017,36,12.580284564919667,11,1,3,3
46,116203.64242046696,550,23578.21976282604,32,13.7888486297649,14,1,3,3
53,79414.75928395968,638,15692.558448528607,46,11.215099878435794,31,1,3,5
52,83632.46180723514,850,27936.762624820774,28,10.873978213729323,21,1,3,5
50,61877.25340645165,709,27787.42515606747,27,15.312164036068037,15,1,3,4
61,58970.52439111593,412,14557.593279717425,35,9.42634013547689,27,1,3,3
46,50605.25638125691,413,15477.58734630635,39,17.262581761021504,28,1,3,4
54,66782.26460918528,504,27119.40116587323,33,13.507377309785348,15,1,3,4
38,135728.51119516778,486,22787.777414736443,31,14.822556555773234,15,1,3,4
52,66974.29301515836,515,23899.59247877988,36,10.472037461998374,22,1,3,4
51,108192.97974143823,546,31520.688061187248,38,12.82200695779183,15,1,3,3
42,42186.67266287952,625,43110.57120643201,39,13.050806334325989,8,1,3,5
49,60627.31786465273,581,24667.968876675397,34,16.7562205910206,23,1,3,3
63,87201.29092768498,502,32488.35019856992,24,13.208776632273798,21,1,3,3
44,74498.07136670918,764,32203.50217301287,43,11.486919576927162,9,1,3,3
54,96697.19469497624,426,34278.26343682751,40,22.00116882982379,16,1,3,3
45,96083.45346223906,606,30524.222484297887,36,7.359381067298432,18,1,3,3
57,121196.88481499346,540,28185.551910969407,35,14.596116064004685,11,1,3,2
58,106785.83290499392,709,32510.700552126717,33,14.958005082883398,11,1,3,5
49,60703.38688063212,572,20414.08080717332,37,18.466180005350942,12,1,3,3
39,52246.63269471325,556,17624.677140397118,39,17.82449536545543,14,1,3,4
53,77279.57532753874,610,26738.782972289897,27,14.090263982209423,21,1,3,4
49,59602.329318313816,475,22294.249269350075,32,16.003781421160497,17,1,3,3
43,83626.61127876137,578,29188.76217770971,24,7.82675659608328,26,1,3,3
51,53150.44816465784,743,36041.00990829137,14,14.2429054226493,27,1,3,5
54,33496.209683509034,687,38891.81697169787,25,22.137508364902374,9,1,3,3
54,64811.934611877776,584,29976.96818294244,25,15.758997737293988,14,1,3,3
41,55600.60434662036,586,8660.243852283711,43,15.918789899897751,15,1,3,3
47,121620.00830007425,623,12842.560117313764,50,16.877180949361243,17,1,3,4
41,78887.78637585122,816,36194.137158882295,32,7.803735337506373,11,1,3,2
64,61503.92662130798,588,22937.110850883622,31,15.660946584953336,23,0,3,3
44,116859.86420924617,531,25163.032249215023,30,18.018458619428365,18,1,3,4
46,86176.0267373107,513,24516.099275536224,35,13.56542053600451,33,1,3,4
38,55725.576004269926,565,35325.38401767376,46,7.191152929555847,19,1,3,4
50,21116.12160186711,668,28880.918959181963,28,11.57654557152285,20,1,3,3
48,72439.7350754026,572,31005.25828100339,33,18.555745931147573,13,1,3,3
39,136233.50198593785,530,17494.419771779845,40,14.309187082981458,20,1,3,4
49,109454.14716331738,545,30107.07724784981,32,8.936958744101288,12,1,3,4
51,115249.18612795453,419,22171.240843745,34,10.59835774092197,22,1,3,5
52,112226.10173864495,757,32016.34290733326,43,6.794413369692716,8,1,3,3
55,53660.76242414738,774,27216.476386323477,26,21.83808031887664,22,1,3,3
56,117972.95022306989,360,8856.829150290641,43,19.96151727460765,22,1,3,5
52,66903.58613275908,480,8733.556405788075,37,24.016761950945327,19,1,3,5
46,86077.28269327099,595,32264.65711265141,31,10.242227590602782,11,1,3,3
60,88060.48935817892,567,9344.662184174143,31,20.85806836793609,28,1,3,5
56,105538.9060533358,570,26244.684615210263,23,13.389821364552716,19,1,3,4
45,51013.00282476556,630,26450.42954739884,32,8.872828954067078,27,1,3,1
50,103119.62681007983,613,29719.02976197129,31,16.913813128069982,20,1,3,3
36,122048.99824220128,606,22711.372728628605,43,12.4495722947284,21,1,3,2
57,77390.33676441942,565,21155.622443365864,45,12.552452100646278,21,1,3,3
39,110931.66311624242,427,28565.96604073591,35,11.006687668328984,20,1,3,4
51,58616.74209925714,526,20684.61032348413,36,16.04777876260028,19,1,3,4
37,89512.24083923729,677,16393.171806040544,33,15.108486153287306,19,1,3,4
39,100355.66897165484,608,28993.817355706644,16,19.5700328204276,21,1,3,3
59,104780.23881918716,477,23046.558817631787,25,12.62516920199432,15,1,3,2
51,98592.26221032876,785,23278.863835787182,29,13.333916174471508,26,1,3,3
53,88496.52308800755,583,34236.03174384858,29,18.494687112779555,16,1,3,5
39,96392.29352596776,405,31645.09523229063,32,14.272056319132547,23,1,3,3
35,129283.75937197432,653,27929.135416304674,43,11.453554226701067,12,1,3,3
42,58596.05591917405,721,34331.385687945665,29,8.744842840081736,25,1,3,5
58,57950.45138322582,548,21990.52778442084,25,13.507951363113598,27,1,3,2
43,98577.040795597,774,6630.303827250707,40,17.582263200616985,23,1,3,3
42,119344.48980541696,520,28455.87697949533,36,10.327705240482592,19,1,3,4
41,46053.91294188066,452,32065.41095609944,31,16.945431301533294,22,1,3,5
53,85689.02997398435,507,29252.92229125653,22,14.577756602867057,22,1,3,5
47,88545.39181751516,618,32650.53753449022,27,11.693216718902812,11,0,3,3
49,93939.1788316692,503,26306.945846753708,40,13.518063874411895,23,1,3,3
68,79448.13927373453,562,26251.411696253548,26,13.433518150030467,18,1,3,3
47,86485.07104642734,494,24045.32279231746,36,17.250654542940335,16,1,3,3
60,51383.81254236111,491,14555.371537289804,37,18.28211547605005,23,0,1,4
60,113947.395016132,455,18385.05518889741,38,16.886430468581096,21,1,3,5
32,115737.43828437787,713,15083.355480212958,29,12.967493555387705,17,1,3,2
44,97386.536593182,560,28957.337925808275,45,6.465088518868564,17,1,3,2
54,40289.64199223153,661,13303.312435536718,32,19.63046970029248,28,1,3,4
62,89365.59629794836,535,19565.174417071423,27,18.720833946284166,21,1,3,3
39,58430.74798223949,850,40069.46532267,38,6.346014196690761,19,1,3,2
47,113554.65780972654,650,22929.48088148484,32,19.462187250985707,17,1,3,3
44,49928.56720910226,569,40050.892856208826,42,9.531623843120563,10,1,3,3
55,55361.02236170232,682,23620.013704647976,35,14.44275164587368,6,1,3,4
38,97854.20632823984,734,40942.39502663887,40,9.245424238952234,19,1,3,4
64,66996.72565426446,500,22607.98016899896,36,13.351632583031034,14,1,3,4
38,88162.5593812669,782,22382.3979147368,35,14.117279101876475,16,1,3,3
40,85202.94793334964,691,16302.99318350639,29,16.526416017818754,17,1,3,3
44,67278.15357286812,536,33792.03747081051,40,14.45994461828331,11,1,3,4
48,109737.94705032436,678,31075.124134671696,24,9.704112230564364,26,1,3,3
49,70111.0687800742,533,16067.60976651663,38,17.725592422433834,24,1,3,4
47,90479.0505158531,671,19730.689513274967,32,19.938988770934177,19,1,3,4
55,71297.44118213918,507,24794.91167676425,38,15.004305681756486,27,1,3,5
60,66176.35265293802,692,10042.078004585892,34,17.733377266814347,12,1,3,5
42,107630.66535869894,796,18801.2667985895,40,19.46739684668704,19,1,3,4
47,119903.37258244168,594,36298.93027425353,29,19.60499862869711,13,1,3,3
40,117444.84013504164,670,20790.15446851597,43,15.80415792628039,25,0,3,3
48,107367.7558925764,561,24677.75552829113,40,16.16950995693247,31,1,3,5
68,20000.0,730,30674.09424030692,20,14.127516897639223,28,1,3,3
60,57583.65182248042,620,30358.78953879946,21,15.915333225832704,21,1,3,3
47,83254.43858056297,488,25882.26439605612,32,17.805635200318616,23,1,3,3
37,92255.4014576439,695,13499.486152041014,31,17.034145643853325,23,1,3,3
56,92343.15287817456,574,18892.7312883228,48,12.542845821011252,16,1,3,4
39,86667.47647002098,702,28230.541428206925,34,19.171794838450083,21,1,3,3
39,83292.14001740432,605,20143.29013737042,37,14.155810295419895,20,1,3,2
41,50576.813941289656,702,8192.810049154417,40,12.878452034832266,15,1,3,3
48,97780.56154362691,528,30294.14517027693,38,11.329377147839402,25,1,3,4
54,73444.7918606698,559,30586.27675803786,37,18.45852724164557,5,1,1,3
44,43269.52237678072,833,26855.026063184847,34,8.874955106648594,20,1,3,3
50,89589.32362924071,620,23685.18883474807,36,19.31053778006175,16,1,3,3
43,39861.12556179094,734,35965.6579652502,32,6.542243258158395,10,1,3,2
54,120736.972018188,601,24365.192843625788,29,8.947537488261702,21,1,3,2
46,92183.22709724726,682,31034.23166282133,32,7.6785874518541135,14,1,3,2
53,110997.85127534492,500,20892.90066207523,40,16.239458684312552,13,1,3,3
58,70685.55734607711,534,27634.01067550661,36,15.95205109364136,17,1,3,3
37,107919.5126251236,601,30461.7688702474,38,18.9739018860172,19,1,3,3
35,89993.31529091447,722,23761.597433615243,30,13.606834503182023,14,1,3,4
59,85329.6724228267,491,22899.00904327108,40,17.68144709301707,21,1,3,4
27,133860.9593271794,653,22136.829224812427,40,8.928198348343296,26,1,3,2
46,123647.30258191518,485,27074.227717413956,34,3.968861427356416,18,1,3,4
49,101367.61192086668,391,18396.10340416647,39,15.51619783561324,26,1,3,5
38,142989.25018652997,470,26258.340191947016,42,12.417022423560912,10,1,3,3
39,96859.5026016897,483,20510.307277086213,36,18.56263507522605,40,1,3,5
51,140393.6607105761,588,20621.95482298381,40,16.357274172168335,30,1,3,3
62,74168.65115054416,488,32000.31944439589,24,16.29518548469836,22,1,3,2
41,110596.5785775116,716,10971.553772307008,36,14.553454455402292,17,1,3,2
59,56552.72429474517,666,28609.153114815355,24,16.37196711805156,23,1,3,3
53,103274.91999725196,680,27111.34742010398,26,15.736708460014778,12,1,3,3
47,98756.1235664582,527,18074.90615187288,40,14.464654126483042,19,1,3,3
46,83137.79671391468,723,19348.572760758518,44,7.575820772458136,17,0,3,3
39,100209.60678166032,552,38859.21576143696,29,20.024720346615982,17,1,3,3
59,92822.1770732544,617,31848.933464768023,29,17.249474808930067,16,1,3,2
51,56887.70182855465,650,30908.74114350994,31,8.368762674141392,15,0,3,3
46,112610.65836295747,649,19609.201312230685,44,15.85680964088871,21,1,3,4
36,62748.21174160406,619,40993.5525161193,21,11.136777053276068,19,1,3,3
46,79802.41532625278,633,29887.53736524337,24,10.297474724926955,19,1,3,3
63,112617.79365551598,599,33734.257816057354,27,15.70897920219056,13,1,3,4
41,76034.72077903809,574,23601.652014168187,25,12.190253822911004,20,1,3,2
46,94150.11566672489,526,16649.80398492153,38,18.414873004343896,15,1,3,3
47,123731.6664942592,478,26347.542744452014,42,20.257494679923767,29,1,3,4
37,120399.27386111362,493,19825.293053248228,42,20.895123840290434,21,1,3,3
48,96076.19450340126,635,26341.50958312817,30,9.73748411608707,18,1,3,2
33,108897.04156956745,630,24996.98822501404,37,11.0003239203577,19,1,3,5
43,74036.00741071276,639,31043.547695694077,40,3.7303822136725473,16,1,3,2
40,71655.09435126117,729,30771.68975488207,27,9.07238690325489,12,1,3,3
47,86319.96182158205,608,19209.482014549856,41,15.81000833074991,14,1,3,3
58,108560.01944904572,559,19496.44510802813,38,17.729936892879305,20,1,3,4
46,111935.6147444843,489,24692.262183003226,36,16.469881329138143,19,1,3,4
53,81736.4477973405,616,23827.58325094805,23,10.12431731530446,25,1,3,4
51,109457.28723259048,612,33446.42588854257,41,17.556690800113213,26,1,3,4
49,99996.74705392508,546,25295.34349578708,26,15.618082120279992,21,1,3,3
47,78149.00343220268,511,22340.15631427881,40,20.42418618476784,12,1,3,4
43,79301.59131786214,846,39655.89675154037,36,13.63062683537203,2,1,3,4
46,97191.1862661164,585,25637.752835987576,35,13.745758031057164,11,1,3,2
61,144867.95519010056,587,25720.76432747651,23,15.571467843449073,19,1,3,3
42,135722.85970626707,554,28628.02888588873,41,12.437670437338182,13,1,3,5
44,82330.42749566233,573,19878.51195499264,41,14.177319332905729,30,1,3,4
49,84171.53359044805,673,30571.81264191493,36,12.679644903975245,7,1,3,2
54,82213.92501632535,523,18203.28637519793,26,16.86546441678586,16,1,3,3
50,131385.89067672644,458,28637.69658468441,42,14.995990913588791,12,1,3,3
48,113670.01300010874,680,33969.164792604606,33,13.16292614911658,13,1,3,5
40,142547.9970795443,505,17056.789794466644,37,12.584833880407178,15,1,3,3
34,150000.0,597,29725.66623614612,31,13.258642826230515,10,1,3,4
44,90908.05941220051,623,30017.66929469368,36,8.185811419179492,29,0,3,3
54,74734.52667422524,679,35966.32226484761,20,17.381440120517237,20,1,3,5
52,101934.7126498208,536,20869.099960896376,46,11.93065713627099,24,1,3,3
51,126855.8424249952,689,22813.43847877839,37,17.554878795846587,14,1,3,3
54,36471.83648248596,419,12185.551753114987,36,13.668470470349106,19,1,3,4
51,92895.21619090882,557,37293.420590485584,34,18.642459380489424,14,1,3,4
51,90692.56595205145,541,25188.97453492617,36,13.828482425067827,24,1,3,3
53,128442.81201455837,340,26323.1022246652,41,10.94040534685962,15,1,3,2
42,120909.4480191736,466,26242.488682366864,26,12.157250318837123,16,1,3,4
48,92658.6983273842,482,24945.51783624416,31,11.651973069985498,19,1,3,3
53,77215.53757427279,614,27015.19556037472,34,11.390276982173203,23,1,3,3
44,116304.92341593154,552,25799.47081576904,41,12.606942038979335,18,1,3,3
51,58655.024293855866,558,14164.223001748302,40,8.979311275385555,24,0,3,3
46,76035.94397232143,586,20968.770714404185,39,18.17067426708144,20,1,3,5
42,103997.90204954476,463,23468.972404234937,40,17.464530854551455,30,1,3,3
39,77674.34102776174,679,15592.494776345153,29,13.800643178588489,17,1,3,4
52,111885.4724589107,615,33647.53196147794,27,11.624655727553176,15,1,3,3
46,72706.319484841,376,19817.80927991609,36,14.292867137024304,33,1,3,5
39,52622.48406904754,357,25907.83316099204,34,19.132693073806227,25,1,3,4
55,82095.38180122079,530,34232.43583879947,21,12.703415750724568,20,1,3,3
50,119173.78021836773,593,21276.74606553665,28,20.912077396690812,19,1,3,3
48,83877.0840356402,395,19941.439936482733,36,18.917521807888285,18,1,3,4
43,117019.63696314784,549,31539.103823077046,21,12.153356538877516,15,1,3,5
38,103744.24234986264,694,23439.12776856721,32,17.76358444055049,20,1,3,4
50,96865.99344143056,594,27600.790725008632,38,7.630889532589811,15,1,3,1
52,127103.25005064196,692,26178.01545461944,31,17.444520186438172,11,1,3,4
47,94666.8982947641,491,13528.71491429019,28,21.123379085111647,16,1,3,2
54,73623.72520764884,572,21677.668056006576,25,14.375072252370686,22,1,3,3
53,49071.55018577437,661,29075.06614304817,27,20.356110583027235,18,1,3,5
48,109130.87646197928,574,18366.09149012233,39,16.729401159037792,14,0,3,4
38,106916.25272338728,734,19084.682620132564,35,14.91305672064222,17,1,3,4
42,123108.07216125388,554,30401.518235341937,37,12.85557255465715,10,1,3,4
44,70077.42017445037,628,31380.05277743006,35,13.526040154644589,19,1,3,4
50,82998.49614038595,576,33660.71364736701,40,15.792744920048014,9,1,3,3
47,73217.14674252478,622,28456.46798540627,23,13.08912085398235,20,1,3,3
49,79698.4969155603,461,31050.28414802752,28,14.846093595440712,18,1,3,4
68,83160.71998684037,525,10150.648990815806,25,23.435600898657444,21,1,3,3
34,73742.89383011816,580,20328.08746312778,28,13.295425625201416,17,1,3,4
48,53719.0996525599,463,24701.186194865088,48,9.347388975339443,21,1,3,3
41,111026.19041606976,368,12920.17500183824,44,22.57857346429039,25,1,3,5
47,101828.71965926312,601,20132.39484781481,29,12.209845074135265,22,1,3,3
47,53253.90773791724,581,16831.452757685878,31,17.64472577968921,18,1,3,5
37,75510.56216621038,346,31417.160042515505,33,14.851564705475726,29,1,3,5
52,69790.26606962392,482,22658.13713614892,43,10.2888175667308,18,1,3,4
70,117783.41193352756,544,29068.232156403847,25,23.453624064035782,11,1,3,3
46,49571.10173806837,553,35963.06733045341,37,16.115742240352354,20,1,3,4
47,103131.49343188068,565,26708.564182129547,42,9.282670405513189,15,1,3,3
48,79338.4530823614,706,36464.3537440724,30,13.398739942068412,21,1,3,3
38,103768.7002267921,613,19069.610324729118,41,16.838460801088775,20,1,3,2
41,107583.640872013,535,30691.6206000992,30,9.268825681634638,16,1,3,3
50,104983.74374490025,652,20776.09902731916,39,17.51259651245708,14,1,3,4
54,60114.32156072029,590,19656.96821060443,34,13.417137072287565,25,1,3,5
49,52518.50296804462,751,32149.625524912157,30,17.386678865959365,15,1,3,3
53,46808.989319959626,850,22794.92078175441,24,16.349127891120588,20,1,3,2
53,50471.08066221056,812,25044.625264824528,31,16.11749857643419,22,1,3,3
52,74993.0318030431,567,27758.04524608982,39,14.79516519400744,23,1,3,3
39,107539.88829301253,591,36950.64664484534,39,7.006807162951515,11,1,3,2
45,124295.15535021135,750,20066.83962336601,34,18.27333973915161,17,1,3,2
54,92146.51609477193,545,21333.65697622922,36,17.522573400944328,18,1,3,4
49,98132.49324838404,596,27407.577958515933,29,14.148411197852578,17,1,3,2
45,106965.88254312648,556,28128.15685601817,39,11.131683116256298,23,1,3,2
50,93818.96617494008,616,19594.489042652815,39,15.891996309526771,14,0,3,4
45,103719.33131184416,433,21458.614396801557,35,13.790983488536163,17,1,3,3
61,72136.28627837,617,28424.54190123031,18,14.721577930262132,22,1,3,4
53,75850.83169672695,387,22596.313085250487,38,18.260223059953308,20,1,0,3
38,106770.22435604144,720,31323.26209776632,20,16.207963375955423,19,1,3,5
56,77440.96888078818,638,26080.546679345047,25,12.322548268054176,22,1,3,3
59,92148.50207580974,557,16912.47447937645,36,15.81016151858642,17,1,3,4
49,79419.49469312599,381,34661.36442093,35,14.205796297272055,14,1,3,5
50,98792.3876459816,566,26164.913595714683,35,14.593486936268327,26,1,3,5
42,74340.68599436729,542,35708.92368268019,18,8.906378633151922,23,1,3,4
40,118943.58960543235,633,12574.045588625608,60,14.25477137162354,20,1,3,2
50,112603.64979803257,529,21716.36063149133,41,17.081641927749644,25,1,3,4
48,100842.78133910763,458,30117.254283312566,36,13.14434123200223,20,1,3,3
30,78285.67953047488,468,20640.59187893293,43,20.676522753726665,22,1,3,3
53,43695.199933943375,639,27682.42296494137,44,12.676772297835198,17,1,3,3
39,150000.0,622,26625.020175627546,40,11.586488040769574,4,1,3,4
51,121020.69826674851,500,30313.77816195644,34,8.975435717470477,16,1,3,3
44,61192.22160293087,693,22665.968320493863,28,14.82422590447346,19,1,3,5
57,77851.02205807705,610,16061.373697834117,34,11.336426170782092,24,1,3,2
52,63266.90137868478,545,24696.209752297334,43,9.80507318012346,13,1,0,5
40,135609.6259875267,497,24847.70959297208,34,9.586676067361523,17,1,3,4
61,88005.27743977807,632,32642.321829692857,24,17.522445022875733,15,1,3,4
51,39260.05377311515,732,31697.465781883177,31,12.846965740627668,17,1,3,3
40,85610.47513222833,730,30931.828447604097,33,11.517467773314184,13,1,3,5
46,97705.98023739309,721,28525.880102510717,24,17.05095564597993,22,1,3,4
46,93957.29909520665,587,30071.67400137792,46,10.583423495934191,18,1,3,3
48,66787.36814355216,432,33022.151634132664,38,18.71763021191419,14,1,3,4
56,71623.49160289574,551,28898.50803062101,33,17.652667907311553,17,1,3,3
42,75004.29256742293,450,21586.13836821856,46,12.87696858580033,21,1,3,5
53,94383.77846288266,559,19250.84864268257,41,15.657346619667292,23,1,3,2
52,78980.6229683456,791,35256.81705320187,30,13.071017377596426,18,1,3,3
55,62027.73505787903,500,18132.153775024308,36,13.09534147698982,20,0,3,3
41,87258.17103850836,646,27459.098215318874,35,14.282136982376938,19,1,3,5
56,113100.387705259,536,13914.39885478814,44,17.09827110996663,19,1,3,3
54,89597.14764562588,307,20781.79521757476,39,14.173985830109649,17,1,3,5
52,90860.07932563363,390,33182.01478424331,27,15.531884821133085,27,1,3,3
45,108318.13675374148,532,25877.82082694892,37,13.697590261858634,8,1,3,3
44,72778.20128584058,525,24153.29958553421,39,10.33322495432649,12,1,3,1
54,71684.4208310475,514,16653.943134369994,31,9.554708003045302,16,0,3,1
39,91465.55341990004,557,24555.882359350337,31,15.080245074161487,18,1,3,3
48,68335.03076320059,726,32592.142348084995,42,13.691005873036834,11,1,3,5
55,91597.91446693172,657,24585.42006672875,33,18.568770364199807,18,1,3,3
49,115804.85236070016,500,20683.59867369764,34,21.108061738470845,19,1,3,3
45,79075.4871569716,590,22954.643033628563,37,15.812307201998378,21,1,3,5
40,83577.57140801234,560,25331.79700737673,23,14.965632930878654,17,1,3,2
41,51170.59081786058,778,44972.283476029166,40,12.787793999174593,21,1,3,3
40,146319.81693564748,633,25174.720660190014,33,19.15424250371015,8,1,3,4
50,60202.67813742483,677,30582.774585372204,32,8.373753118815774,17,1,3,2
59,72242.89030445211,743,21809.47130991477,33,19.26720424837685,14,0,3,3
46,114875.42647127254,553,24854.17870460403,35,19.50447797895284,23,0,3,3
46,76199.57505280375,617,29818.68275373688,17,14.854279603991165,18,1,3,4
34,123592.4462653467,584,33849.29525585368,25,17.83464001203079,15,1,3,3
39,106976.79515503086,484,26129.13427181352,33,5.949181727614874,22,1,3,2
49,80152.35530199458,465,23245.37153314804,36,15.123236284799198,13,1,3,3
42,82534.78883919943,605,11635.85671862671,38,11.659155445281964,19,1,3,2
47,82325.70581153182,611,25030.619858431328,39,14.37363493448277,15,0,3,5
53,90061.51490096729,393,19608.333535403624,38,14.68653244033419,20,1,3,4
54,97450.04713341048,639,22082.89978105385,33,17.85235127351242,21,1,3,4
45,70977.61989869687,500,15177.170112959217,47,16.188217497713108,23,1,3,3
62,73133.75859041544,697,15252.590346712355,40,10.16264751774956,19,1,3,5
61,64251.91355356188,570,19762.418162444985,31,20.7594876154558,17,0,3,3
57,73361.04000780494,574,21345.174390276185,20,12.285195644670932,32,1,3,4
53,88911.0816241856,300,19364.091292842444,35,21.957733280883023,20,1,3,4
42,52454.16154921045,615,14529.55541666282,38,17.175719221713205,19,1,3,4
46,63578.6963447553,527,20734.82262751176,45,13.069568015712491,18,1,3,4
46,127924.68708685848,513,14744.516463993436,34,14.411480097129855,20,0,3,4
45,71189.37932795577,656,25039.589015950743,25,17.765576735297575,9,1,3,4
38,56797.99190821623,524,21063.13651534535,37,20.412941912833432,21,1,3,3
50,63553.11358525081,547,22764.070549986776,38,18.673605316649454,18,1,3,4
42,65862.61787308949,407,24422.789401300408,36,16.753711535840342,29,1,3,5
40,92433.73449262654,412,23585.336050467555,36,19.903045539470785,24,1,3,5
34,143700.40288815234,519,35211.28447441514,33,17.26357960666964,20,1,3,4
55,86725.29822475168,614,25083.410775872864,24,10.844622722504774,23,1,3,2
49,64471.88097586386,673,35543.959047038355,30,12.878618898041172,9,1,3,2
53,119096.0737001022,646,33144.58199972961,33,9.453196064515264,13,1,3,2
63,53714.63671580278,446,27589.408822092897,17,17.71527604497272,26,1,3,4
47,78170.9331310204,639,29131.230880749048,34,14.070740337012236,14,1,3,3
39,55352.85666033224,544,24166.45391694636,38,17.392188993987865,31,1,3,4
48,41850.87092714069,702,23061.660176541016,25,14.990405648267949,20,1,3,2
44,106997.70532324124,680,23189.70781872568,27,10.789125022093202,22,1,3,3
43,73043.49078752325,686,21978.392112712947,38,15.53287308787416,16,1,3,3
49,147142.60492614724,697,27510.15635931738,31,11.487187661729289,12,1,3,2
54,59092.223696115616,718,28364.3025933898,12,17.793112391380564,23,1,3,3
36,95361.38524202984,531,29823.079379229614,36,15.419096216110944,19,1,3,5
47,94116.295056876,669,29508.725927611296,48,10.73475068778074,17,1,3,3
52,109842.53309527753,578,29752.86228560077,26,15.20366091728167,18,1,3,4
56,91543.98400161383,633,28595.57733755769,18,12.481887619824468,21,1,3,2
44,104372.87640758988,595,17521.471092582935,28,17.60129259517897,11,0,3,4
40,103595.3638624304,721,22482.226656047125,37,21.92602523800517,20,1,3,3
52,93783.84330492232,525,35889.678516567044,31,19.68409781144779,17,1,3,4
38,115672.32259558,498,26291.362893560927,38,8.703155681098137,14,1,3,4
40,110055.79139118276,547,14228.110266619417,40,14.63003372535038,19,0,3,3
55,34469.212481653296,651,27006.43827936264,30,17.693391179455638,16,1,3,3
48,48825.24694089308,584,32491.561221401476,33,12.56662825718056,24,1,3,4
50,62687.57819233224,671,36278.76773340604,35,16.619540859408882,11,1,3,3
46,58665.07551855104,599,25949.9520485505,36,17.54079077678429,13,1,3,4
59,44559.60511125046,617,26341.19712914382,42,19.582099472046348,24,1,3,4
39,58465.050127652125,540,30619.460435963,39,7.111631646915713,17,1,3,3
35,95332.22171313278,713,15072.048946290504,46,15.29437315735622,18,1,3,3
48,79656.74247613769,562,26958.99208607454,44,11.418385319504162,12,1,3,3
50,68804.09441058972,480,15542.995856517517,39,21.090690049900655,16,1,3,3
40,150000.0,544,32564.741757531185,39,11.279017908127098,10,1,3,4
62,67408.98921219491,401,26351.393994847247,39,15.08159163299258,13,1,3,3
51,55820.07734201235,747,30316.5020991439,26,11.91556126371719,11,1,3,5
39,137868.13966573396,711,14303.862066097696,43,8.608688543264728,18,0,3,3
47,92940.83367545056,678,35284.62369786366,35,13.06636669256396,13,1,3,3
43,67801.40547037037,631,33892.82237491228,34,11.295399940146426,16,1,3,4
42,98548.38938435752,509,26271.38139969529,33,17.47653558408229,25,1,3,5
45,128478.7774290763,498,24828.553961747777,33,21.65359286179155,13,1,3,2
41,82420.74647776468,625,24346.654938768334,26,15.08836519928564,24,1,3,5
58,80769.08677812916,441,21336.818878047477,45,14.32789248242864,12,1,3,3
49,59488.6649491718,526,24752.56051649072,21,13.147919363110312,24,1,3,3
42,85664.57732019966,509,20027.990049434866,40,18.466728638541355,32,1,3,5
52,77929.97585152189,575,26315.13215320736,37,11.424139764458708,21,1,3,5
49,112752.31690800126,638,16877.945555784896,40,14.382973068692444,16,1,3,2
51,84360.31437280914,388,24463.34622613464,33,20.409250464124355,12,1,3,3
45,90110.39928538231,547,22085.421829735293,32,14.4546117991823,14,1,3,4
36,77358.2910923926,573,17145.543001597624,35,16.006721926734883,18,1,3,4
47,84102.9682323736,603,20518.363602223108,43,22.14285995183006,17,1,3,3
57,66191.33193955141,480,31088.94523843792,25,15.32821156753399,24,1,3,3
48,97793.76506189456,654,31007.03756390584,29,16.634654538452917,6,1,3,3
50,63073.51599997367,672,34257.2661440359,33,12.48475600852063,17,1,3,2
40,114295.47237101333,701,17199.272982952498,35,16.562487617970138,20,1,3,4
51,36860.905619032696,626,29012.04873452645,29,13.138898232469325,19,1,3,4
47,105824.57611604144,508,35501.1810664643,31,18.423488683769293,13,1,3,4
44,106032.05806595965,792,22100.43559031069,23,20.529854213742667,9,1,3,2
56,71277.79870131343,625,13503.622201585256,43,10.761128529302011,26,1,3,5
59,105349.31873355858,491,21179.353527337604,19,15.217676528309648,20,1,3,1
49,114762.51691902072,729,26118.113068794613,32,15.664589022509292,11,1,3,5
31,121230.83709543465,737,6494.593749706207,45,14.276906975236349,25,1,3,1
44,54731.73073454819,519,30695.547409647057,25,15.643387132082596,26,1,3,4
43,107541.97746220506,320,24196.29353790249,37,23.351055671444204,27,1,3,4
60,111299.58757652371,603,27795.16047719512,26,17.162589863387332,18,1,3,3
56,77309.36256769048,630,12447.631637437617,44,15.19519734995288,34,1,3,4
35,68252.65688305236,379,13091.27027477192,37,25.0,25,1,3,4
40,55688.81015766456,560,12522.224428100311,39,16.924497894982437,17,1,3,4
47,80951.28865103937,498,25712.038640268507,34,17.338854312756887,24,1,3,3
68,96825.76398193414,498,37586.45768227558,29,17.920050637017876,14,1,3,4
44,147999.582774431,576,19475.68393429789,29,24.035967737549644,20,1,3,4
50,83394.08529296242,745,26709.139255796345,35,12.433528838120134,16,0,3,2
33,71965.86786831607,711,10075.252453948797,37,14.29123737343222,17,1,0,2
37,99959.04179637284,657,12559.228132896134,47,12.695965376038863,25,0,3,4
50,36009.09921830719,683,26336.40222254217,17,10.828639035038703,36,1,3,4
51,82476.40281166736,564,21751.06713896756,38,18.57469746811323,11,1,3,4
32,76144.51331583362,453,23368.89212056965,42,15.521292488269358,16,1,3,3
53,92667.80501983844,605,29079.390798879907,44,5.632400050484226,19,1,3,3
48,105309.7661673616,543,30038.50300949675,31,10.214534807437094,18,1,3,2
42,53576.86298140304,737,37082.80987663156,40,10.416599565663333,9,1,3,4
43,93310.79847150002,464,31579.716582019355,36,18.20944789674528,26,1,3,3
57,64182.71881064706,690,16702.184401323768,29,15.763263649034217,17,1,3,3
39,53182.82286436711,749,33033.27330240349,34,9.90567442616956,21,1,3,4
39,106166.0805661271,542,19396.88362883326,37,16.389319110053638,25,1,3,4
49,96806.829292211,536,21173.19337983215,43,11.7988508107545,29,0,3,4
56,86435.49975373436,646,33526.46798866241,17,14.0673926964131,25,1,3,4
43,67920.72544603629,560,27113.591947375822,31,9.896520667504074,15,1,3,3
62,67521.51396637126,450,29161.14884434372,19,16.558000311973554,29,1,3,3
33,81641.99165948808,543,32924.90451777718,31,14.798004287487544,30,1,3,4
44,75651.68531140035,474,35552.60756614282,31,13.462764302306654,32,1,3,5
39,89838.12793609177,765,29887.78765266192,37,17.051870335939768,14,1,3,2
33,96143.61822830532,637,24841.23621031452,34,11.816382260278406,16,1,3,3
54,77265.03744486852,632,26774.757950763465,31,11.63701367947438,19,1,3,5
54,111211.12895353488,641,26084.89236700944,30,22.14559746572716,11,1,3,3
64,107276.34828235349,553,24400.5589683259,32,13.311530020708831,17,1,3,4
45,98835.34922694133,662,30462.98408776914,33,14.0755526791865,9,1,3,4
52,113141.65915070288,591,26375.854997933184,27,17.5425617190185,12,1,3,0
52,98923.10337136828,607,25389.881080950017,37,8.889007379440862,13,1,3,4
51,101553.87357886673,694,40218.77405237062,43,15.774067976656852,19,1,3,4
41,60929.861680941394,404,19237.20840957724,33,19.73495806688392,27,1,3,5
55,125278.32944706666,489,27100.037520700957,37,12.908429902100014,17,1,3,5
52,60989.44925871363,793,41110.2890518096,22,18.630219023491367,3,1,1,5
65,70814.32094907365,641,27572.98257019788,15,16.264036646023094,21,1,3,3
32,60254.557061342224,811,9952.567487279626,26,18.491374384761603,16,1,1,2
57,90833.31970224789,616,28382.885453692616,22,14.61935758011836,17,1,3,2
56,53938.1780688598,650,24572.06329247028,33,10.5089015333069,22,1,3,4
32,130374.39349022566,716,21551.75968136239,28,15.840758914879128,15,1,3,3
44,63513.04979318563,850,36252.5758461722,34,11.110754435228555,12,1,3,4
52,90563.26635046354,727,27750.74956360432,38,15.019885469302269,18,1,3,4
57,66605.8307103734,487,31328.548280724284,33,19.18417646671655,13,1,3,3
54,52946.1648310294,578,9944.177074450135,36,11.023296839733428,24,0,3,2
53,96840.8299982341,542,21673.760850358078,32,16.188541574872826,15,1,3,3
46,93739.12341190956,538,23161.789080933395,31,19.05396079610924,21,1,3,4
52,68980.7946044251,329,6768.344915805171,42,19.361003087441365,25,1,3,4
47,92071.3871517553,605,32002.68520519178,34,10.0615409334787,16,1,3,4
43,122723.45413424067,582,31472.61301517781,39,10.2566464197576,9,1,3,4
55,80341.29436347549,443,28095.79230720931,33,22.99623534913012,15,0,3,4
40,85036.05231199815,686,15533.62129247034,41,13.73197066805258,15,1,3,2
42,76212.90866240721,537,32096.726952486577,34,16.100821777081297,28,1,3,3
43,88267.12856501425,615,17251.966118336455,43,12.827786834504275,20,1,3,4
56,97130.94973423883,458,28713.6704857724,32,17.367299943305404,19,1,3,3
51,114166.11501903582,619,30488.372499774094,35,14.11416812469305,24,1,3,4
48,52634.4973677188,565,18159.63327602441,36,15.661082545378186,18,1,3,5
43,150000.0,518,28277.496169014936,34,13.99137147575558,3,1,3,4
44,75249.82199551935,648,30166.280735286087,34,13.895824654055094,13,1,3,3
49,94614.9463429004,654,43934.90559123753,32,11.963710305422811,26,1,3,3
41,93320.42138883976,638,19456.91744022813,32,15.479552983007924,16,1,3,4
44,74809.98643649867,850,45065.84637452584,29,13.70207382278372,15,1,3,4
44,48150.62070084109,440,25992.416269211528,30,15.521763235303988,30,1,3,4
47,95739.1451812137,644,31936.46544331141,25,8.060061334117657,25,1,3,3
42,124418.3006444765,850,41275.80397795786,43,8.905659343359936,15,1,3,2
54,69125.0265649737,466,27509.43160123965,30,17.37179889121202,23,1,3,3
45,150000.0,515,26173.234937012803,46,8.575832823627454,30,0,3,3
47,81017.44358694712,532,28867.893766357207,18,17.34514397613459,13,1,3,4
56,64090.63978418944,585,29343.931028257397,37,13.8375519892062,24,1,3,4
52,73647.13476319842,451,3748.8741814456607,41,19.623885944888723,22,1,3,5
45,95396.48512696796,418,34410.006818819835,34,12.775481656791085,15,1,3,3
43,150000.0,710,22363.03347645808,36,15.916529636683888,20,1,3,4
60,89845.82305861417,529,24785.19894050787,36,18.88680283420204,16,0,3,4
50,85795.9891357742,521,19025.868697620102,35,18.16404053773536,22,1,3,4
46,74323.94491824762,581,19546.212377015283,52,15.77290683611906,23,1,3,3
33,65516.408489238725,802,43980.64206586641,35,7.312848844020143,1,1,3,1
46,75109.32141775348,558,40866.00605851519,38,12.935436794034064,17,1,3,4
48,73450.10383758871,495,18320.34851483178,32,19.39827965837937,20,1,3,3
51,150000.0,466,22230.851929927605,43,13.836511157193506,10,1,3,4
41,113598.0213030279,553,14786.115637168212,31,15.673640857138778,19,0,3,3
35,71404.60212849485,542,26639.63606087546,30,13.961644320815136,20,1,3,5
45,105044.482596267,663,36248.806567642045,36,8.26225282370654,12,1,3,3
38,107876.39416320948,638,22996.609997775897,45,7.556954335717433,14,1,3,2
52,133186.1952794739,528,29178.01364802481,14,8.579874462300179,26,1,3,3
46,66746.40895198846,519,19156.870590101596,48,16.577756557916246,15,1,3,3
41,110657.5060336709,449,39664.499906942256,30,14.390934604332664,29,1,3,3
60,76201.12822812858,533,25457.955261206364,39,15.384517177673224,16,0,0,3
54,83842.59420594947,501,17990.045634846658,45,17.147746382997664,25,1,3,4
48,87845.97943053932,586,28454.63029776009,24,8.132026663958243,22,1,0,2
35,90409.62461528262,680,6520.2187089089375,34,11.31552835741723,16,1,3,3
53,62986.98837055589,369,30922.464548766347,31,17.63541549028422,26,1,3,4
47,99669.56036533548,555,19297.07028191145,40,14.021566294745025,26,1,3,3
49,129449.82481887094,602,36352.593650665,45,9.91514053824536,9,1,3,4
45,66594.76841409392,722,30261.93909801214,28,8.977655184953294,23,1,3,3
48,150000.0,671,28218.293930747717,35,21.84133167171569,18,0,3,5
53,97781.8938610328,732,32057.383041362296,27,12.508644774064017,22,1,3,4
64,67650.27616412303,496,12508.92334264486,39,13.293234344210884,22,1,3,4
53,95925.56531329504,728,28164.39304739509,27,11.4944470744499,25,1,3,4
57,32839.56306353203,473,18154.007463889608,30,20.6377047479323,20,1,3,4
41,141020.99498806213,597,23801.66502258145,39,9.505536070609253,11,1,3,3
52,75589.65767339371,606,28388.763068275253,34,16.131692078766505,30,1,3,3
59,126864.47605730224,367,12449.51638924602,46,11.61182711035964,14,1,3,2
57,111455.7562849159,492,12362.49018302606,42,15.871511275503073,30,1,3,4
42,93709.78007110785,697,15403.92486234948,38,14.996919440736962,17,0,3,4
46,78926.36879686912,678,27723.96754547281,46,11.864681307827883,19,1,3,3
37,90655.44753227444,337,27771.51348528121,39,16.481435928306112,31,1,3,4
61,103181.35366384393,387,11587.645126141228,44,12.943707908717174,38,0,3,2
50,110443.24045574962,606,26572.38266926737,38,14.868268736998036,23,1,3,4
42,128891.64113634272,615,23720.40637058544,34,15.922423339929892,14,1,3,4
56,84535.3171110135,463,17863.707720485847,40,14.189729987789514,20,1,3,4
41,141675.9443689482,650,29978.316438391277,36,12.754521191711357,24,1,3,3
40,146222.82659777274,432,20599.13306974492,40,16.127336624674303,20,1,3,4
55,77261.24233473948,601,37448.55009574327,16,17.199425942175615,23,1,3,2
46,98374.29582497755,507,30026.2889511047,42,10.966531868040295,15,1,3,3
51,107804.99716757388,570,25934.974189367003,34,16.660444216541478,15,1,3,2
47,39430.69898725558,489,19117.59456055808,41,18.184421078583213,24,1,3,5
39,150000.0,577,30608.260621920574,38,16.93878453516856,24,1,3,4
43,125387.66589952186,665,36141.744240680775,38,11.555181700362544,11,1,3,5
42,91804.9456307837,538,23178.281528961703,33,14.75339443406562,14,0,3,3
47,76306.63884514451,402,16848.82951337049,44,15.590609452417777,20,1,3,4
54,53477.741694869546,746,27119.82490717139,20,17.553478445212363,14,1,3,2
55,68465.63795215765,569,16828.067846332688,44,15.547581727683188,20,1,3,5
55,121382.98138521596,572,17067.914754024605,44,13.545527863194948,17,1,3,4
40,126851.35010298168,592,14337.059197841283,42,11.86391618214987,28,0,3,3
66,48507.53506730696,571,30760.00889663558,18,12.314693609133618,24,1,3,3
41,116558.19190268072,334,26389.27224512034,32,18.19438723084111,22,1,3,3
47,90522.9025228638,555,26861.73578831282,36,12.025522098984704,13,1,3,3
52,65222.07596509866,421,3669.4432182614737,43,19.14851674060925,16,1,3,3
32,105192.6750685142,850,13651.693801805752,32,19.83632328944733,23,1,3,2
60,101675.38714371368,540,20945.68514145649,39,14.135197527901498,21,1,3,4
46,96612.37808000894,732,23466.33219117315,41,8.199654533855968,25,0,3,2
47,56947.85507408116,485,18800.969777036185,30,25.0,17,1,3,3
48,90642.89842064083,518,14918.20420876413,38,17.241783581661355,12,1,3,2
62,51972.49688696795,517,13494.650893185504,34,15.225264608924972,26,1,3,4
39,53742.78954712445,503,20219.46161140021,39,16.267071257334987,20,1,3,4
43,84285.73106294841,523,19729.266600044277,32,14.227826933472317,20,1,3,4
57,55770.76402673814,570,31212.492442050603,35,15.626849614506812,16,1,3,4
46,74348.19014689348,438,26915.143195902077,26,18.524612893992558,24,1,3,3
42,46603.70774722743,522,20212.42185616473,32,15.619344351632472,25,1,3,4
48,107524.2880377878,533,30153.225660861604,49,11.026372386171245,22,1,3,3
50,96268.0968802162,656,31412.488021377107,32,13.990858823717645,22,1,3,4
57,110865.2229240475,638,28097.021996196825,27,16.420548749774596,10,1,3,2
43,87288.39287503531,451,23373.97940113019,31,18.924483524034247,19,1,3,3
34,118126.55328358598,761,7791.228108285901,34,15.676470886051074,23,1,3,2
49,61025.238136287095,578,6339.003700912272,37,21.804624538878503,18,1,3,5
34,83737.15951736792,532,26007.96021659795,41,15.003349222624028,23,1,3,4
44,132514.15306670548,622,26509.268429936677,33,15.019181040185195,19,1,3,3
44,71164.20684824952,503,38156.49419614206,42,14.829329630472118,10,1,3,4
47,80665.75583591781,444,23992.355927989775,37,17.858300400651657,25,1,3,4
46,60579.15200451455,657,31524.6432592092,41,8.586727714397396,10,1,3,2
67,99085.08953344818,605,7137.281056999318,50,13.024336524554796,23,1,3,4
49,81268.54217466235,629,32848.39878435593,42,14.105613801192517,27,1,3,4
55,44733.053479025286,615,14729.816711952506,42,14.98581359307544,29,0,3,5
53,65126.595796177695,485,28576.5539356901,24,16.147647970639614,21,1,3,5
60,42408.24207193434,455,20344.073350276136,31,14.790751935633468,13,1,3,4
48,75716.73382215432,600,26381.53763075292,15,12.654134067429142,29,1,3,5
51,105246.72652876472,560,31814.01614008491,33,12.735184677098244,16,1,3,4
49,83969.7662061728,572,30957.189849804134,28,13.470263178021924,21,1,3,4
48,64027.48606033719,640,22147.290598307507,34,14.335083980618714,19,1,3,5
58,117335.9061791101,584,26645.528994133158,35,11.1009099888294,14,1,3,5
40,123278.29220281087,705,29814.002920789204,33,9.56720572701537,26,1,3,5
41,144088.45664161994,587,24387.201790105293,30,15.223426980743575,14,1,3,2
37,77631.52799923648,558,15770.670460503592,29,18.8740571666863,21,1,3,3
43,150000.0,661,26135.769866298186,47,11.864739191479185,20,0,3,4
47,77220.71164294283,683,19353.855660844863,38,18.140585633840814,13,1,3,3
58,117864.37442328905,640,25757.894168030267,21,13.369864508814295,24,1,3,4
69,82956.0094125242,547,22872.97199567869,36,13.701132546354556,17,1,3,5
45,93727.26516036496,525,25864.42233718225,30,16.812057966761795,12,1,3,2
58,105906.10266911631,705,33013.130024188955,33,11.843818058972676,15,1,3,5
46,85392.14943986827,486,16554.054980776164,40,19.06121861501724,34,1,3,5
46,136388.63461261618,540,39237.117928566535,34,16.676338104310442,22,1,0,4
55,84644.65755558183,697,27380.91943298464,31,7.880865165069143,23,1,3,4
44,106848.450708034,757,30819.25134091967,29,19.40409238691071,16,1,3,3
41,79470.97402222114,661,28550.911558711567,30,11.987785435425678,28,1,3,4
36,106917.62994559288,750,12973.531050368936,24,18.777659062376507,14,1,3,3
46,63925.56881310244,560,18504.130941398627,33,17.213592511932323,22,1,3,5
43,78196.83669651952,493,18208.90965750505,48,13.26146964618566,22,1,3,5
51,113814.24449054406,472,23490.19723332147,35,12.220824156730757,25,1,3,4
51,63052.963157995655,611,24181.425207967884,25,18.668719547688383,7,0,3,4
41,48344.50706607929,850,42353.1210381515,36,18.1541047163134,7,1,3,4
50,74591.94528395578,676,24419.609546282714,38,12.953887618992932,8,1,0,4
48,103135.18555241168,449,19685.764136745634,40,19.282873934842883,27,1,3,4
36,105018.06505778393,616,21040.00441001552,37,15.852475905219256,18,1,3,4
51,104694.849317583,460,20505.89145266229,36,21.233900471166656,26,1,3,4
52,51469.70568729914,521,17626.753323789326,32,18.41078011271312,22,1,3,4
53,45854.786222736,592,31358.31293977007,24,16.130920659433777,16,1,3,2
41,150000.0,493,29442.299493177983,38,10.43308920504652,13,1,3,5
45,65492.50983217185,556,36312.86760714329,40,16.608891150035443,8,1,3,5
40,71887.75195151173,521,23760.26621122884,42,14.475347871454558,19,1,3,3
48,88818.36656036704,849,32708.70729572904,32,17.518682456379068,18,1,3,4
59,82865.67702078102,516,31022.546055420626,27,13.60119794838998,18,1,3,3
39,73137.68935037022,661,20009.117020724138,41,15.420517591427284,22,1,3,3
45,78023.3151564412,515,25363.10673587492,30,15.367304141516398,11,1,3,4
35,99609.29095667524,670,25198.02358767905,23,20.884954190975208,14,1,3,2
51,109722.72389783122,600,25257.69687052554,26,15.868027850144657,14,1,3,3
52,65783.12321094492,593,23417.70135119504,33,14.81831517378946,20,1,3,3
47,146486.25469404284,472,26774.540896918494,33,14.64205945508816,12,1,3,2
45,93711.24903006524,620,10084.029446322931,36,19.98543451820781,17,1,3,3
47,68734.77045091367,479,16811.938283759224,31,18.93882727055136,23,1,3,4
32,103920.60906125537,552,9113.171391490736,44,8.529324968699024,27,1,3,2
50,106808.77230434616,685,22106.19731005691,44,13.850385795465092,23,0,3,4
41,107186.96987705374,543,26353.83157507669,30,10.422116802311912,16,1,3,0
54,139665.8619347658,590,23120.736122041435,37,10.24284251207828,25,1,3,3
50,84476.20592795906,381,17467.840152634737,27,19.106108177844156,16,1,3,4
56,78812.02860797574,708,31330.97396999572,34,14.808130732493971,14,1,3,3
42,104703.93946700243,583,18262.6240032228,30,14.571275393071677,18,1,3,3
58,77491.1135918122,506,32520.897701910897,29,16.62077730160361,24,1,3,3
50,137267.80782004065,576,34635.752711551286,23,15.941917194412948,18,1,3,5
51,52652.03680468652,537,19553.22134661661,39,15.587934614510257,22,1,3,4
43,80571.38886458159,605,27345.33808432293,22,22.5079430019001,14,0,3,3
48,96889.36166910516,627,26511.950865969116,34,9.53395273075524,18,1,3,3
45,99000.70156996071,518,28199.87315314577,28,12.475755719957911,10,1,3,2
51,102530.67424827148,523,20282.67167379168,41,4.78916405759915,22,0,3,2
32,150000.0,747,23034.199302248755,47,12.688828614056494,22,1,3,3
53,102219.75613030788,475,36247.36185419608,37,12.3068514287166,34,1,1,4
50,65307.21570635324,733,27467.14247901303,41,13.130123188768486,19,1,3,4
41,72095.44479838581,426,24341.92967932908,41,14.87577077501757,40,1,3,4
50,50397.47681913247,481,23381.959100225744,35,12.43671860688982,23,1,3,4
42,63849.40590742378,662,22533.41927310909,31,12.02237543728478,30,1,3,3
53,102911.74125935824,574,22790.434199679326,19,20.726132630801608,14,1,3,2
54,71213.08583987349,595,18002.210800646986,31,20.796565479375037,11,0,3,5
45,60431.83446318588,850,41366.13035142127,46,11.57158709117763,17,1,3,3
49,132633.0666111917,740,33298.71415497753,34,13.578046677740264,12,1,3,2
28,123290.87698416357,628,26553.585995845453,37,3.561036131748024,19,1,3,4
56,91432.46893972142,610,22240.196611135903,43,15.597831726929275,15,1,3,3
33,111085.68669311902,411,28752.73088249064,43,11.27250235539628,35,1,3,5
60,103675.62430316012,468,24829.787864774757,33,20.00044924006019,25,1,3,4
39,102764.37025208026,645,42856.79713078032,41,8.203897434450191,2,1,3,2
52,78021.2049666846,607,21334.112669959643,44,19.11690215387075,21,1,3,2
44,66002.17310833845,473,36676.48985978163,34,16.918231049945415,34,1,3,4
47,104964.59009190348,607,16146.621698998904,39,19.2921664552846,16,1,3,4
55,77074.46023669637,560,20968.617713944557,45,14.38842178910951,14,1,3,3
63,116343.3147272419,623,28079.71349535501,16,18.181753679395754,26,1,3,5
50,130257.37288664488,553,26518.858928725112,35,14.091959767824058,22,0,3,2
40,132057.7484877563,640,29590.539467268834,55,7.699615611019831,8,1,3,2
44,114777.96593529044,461,18027.40458626417,39,17.37370411880493,22,1,3,5
48,99676.2673849222,599,25486.28460004855,48,9.556205524583746,11,1,3,2
50,59824.52283967885,483,15987.248614803677,42,15.988734747044893,19,0,3,4
59,54168.723846671695,438,25288.513732335825,20,18.14085962836481,19,1,3,3
43,86269.904146625,715,15837.542811529513,44,17.925497136610662,18,1,3,3
52,56066.50249676215,533,17277.3308198125,40,9.88135095587417,18,1,3,4
43,91810.87360642136,748,31212.571285976308,36,16.94396522372347,11,1,3,2
58,92501.58891586568,617,42407.26190416576,12,19.00464945594707,16,1,3,4
48,78490.70188033431,444,18664.68353202369,45,12.766910950443547,17,1,3,5
63,98190.9655529654,616,30037.73432558365,22,19.8193319751658,25,1,3,4
42,87666.3005813967,565,21754.03765025749,43,18.106659001601,27,1,3,4
45,84866.8893332905,587,12916.569406876852,39,13.85053373924273,23,1,3,4
60,60007.72930627318,582,8421.395632674044,37,15.287268105340972,15,1,3,4
41,76587.1979283804,649,20247.798119305186,29,9.167826461271316,24,1,3,5
39,70378.16102968782,643,16510.83187153065,49,14.385830924258991,18,1,3,3
36,101046.44959297414,512,32450.40761167453,41,4.580128694541859,17,1,3,3
43,40338.79779827504,850,31344.426026965764,38,11.380882840946873,19,1,3,4
39,74336.92834737894,561,22263.9197841892,38,14.469168714268,17,1,3,3
50,86126.2725629816,627,27168.94345152792,27,15.11608810560128,18,1,3,3
47,54199.43841669328,788,19914.667065760263,27,9.818850811827602,21,0,3,3
50,74679.23208394779,537,24683.54249113325,42,13.172410360874029,23,1,3,4
48,95305.37431341068,668,25253.397431585887,34,12.83225297869687,15,1,3,4
36,96314.37351284604,842,22240.45335521736,30,20.72250067714599,17,1,3,2
49,100618.73158106409,419,12179.423102619394,38,19.62817458481383,24,1,3,4
36,79669.18815364785,522,27802.67235033465,35,15.662443755603228,19,1,3,5
59,45270.059617410254,464,18368.747221742236,32,15.858914802799678,17,1,3,5
56,90887.55146558904,700,27571.604254395577,29,14.5740657047597,12,1,3,2
49,94309.3888762669,544,25860.28583501873,40,16.483810756992344,24,1,3,5
51,110284.30991506416,497,27687.56233176517,36,16.986408475403874,16,1,3,4
62,54962.193913735566,341,29201.11858002858,14,10.623096763218308,27,1,3,3
57,126630.51572109616,542,32229.699132757734,39,24.26457248499645,18,1,3,3
39,117033.01189959412,570,13761.624301786407,43,14.791993854925416,19,1,3,2
52,61547.28929607095,563,26227.46748351032,32,21.57192874396483,19,0,3,5
30,53665.8940186313,660,14697.98106006828,33,17.65412273106694,13,1,0,2
57,126415.74190427316,411,18769.788052424374,38,15.057228785342687,32,0,3,4
52,92295.76671143388,520,24539.682546912456,24,9.95843196441313,20,1,3,2
43,84415.23499779076,519,23024.891591152787,43,13.975268666454609,12,1,3,3
47,86633.18141252837,535,34482.140265311216,31,11.656916351108665,16,1,3,2
51,67389.86416969191,500,16502.026482019344,39,18.6373170816783,19,1,3,4
60,64489.79616780584,659,17098.10620272888,40,12.697370534867742,26,1,3,5
54,54693.70819588773,664,31528.74554697327,31,19.512802553919943,17,1,3,4
48,123736.4508661573,663,27943.42451942307,47,16.744682196720447,10,1,3,5
56,74328.79619343109,487,21494.655109196683,38,18.469515773391155,20,1,3,5
43,110340.4340204109,723,27188.50773852549,37,9.645188810724298,20,1,3,3
39,81427.84969890326,636,10311.476502520592,39,12.5241218145179,19,1,3,3
44,150000.0,649,31983.33306581864,26,17.54085961431064,13,1,3,3
56,105869.25237607169,490,27772.424553639124,34,11.041228435252112,20,1,3,4
53,111189.1686701288,665,30561.410702004443,33,13.810067918073267,5,1,3,3
37,78758.56788884773,795,25781.759245503294,34,17.985377150294482,16,1,3,3
50,61356.94844414583,668,29242.553799919133,32,11.7754339363978,24,1,3,1
52,88959.3012558,698,23546.39047087964,38,19.582433001089743,23,0,3,4
46,45181.39971025957,575,16635.591098055196,40,14.831837320428754,10,1,3,3
40,128196.62780050925,524,16833.943092115846,40,13.689457552817156,11,1,3,1
36,101198.21471182985,549,24469.16179877148,30,11.207486661524502,11,1,3,3
37,54918.13213186288,649,17878.01470678005,34,14.832450214949697,21,1,3,4
37,74047.37793752855,506,21862.406678648025,34,18.58329417112963,22,1,3,3
42,100167.50647234732,332,24915.256950321076,41,18.627090825558447,27,1,1,3
56,79217.981651236,577,21680.66896227415,36,16.666411267540237,5,1,3,3
61,55021.58019164746,671,25569.329975745968,18,18.421885352692044,22,1,3,3
43,140032.57222581882,480,29780.65780502213,51,10.64941327381656,27,1,3,4
55,87900.76327427595,644,21696.358015294416,38,11.49691620658083,24,1,3,4
46,109389.31969551442,496,28948.116912643545,34,14.425000168089884,24,1,3,3
51,124323.5712078132,754,28087.361969459147,28,12.515617004810755,24,1,3,2
47,67869.68857953633,632,28315.808926544003,30,11.34137019759129,18,1,3,3
57,128458.80298141368,627,26816.73983874589,29,12.713958447719833,21,1,3,3
53,65113.135799746175,850,30717.131918053925,22,19.75217836284032,20,1,3,5
49,89305.0908322326,514,26093.87197977182,32,13.063826964282374,13,1,3,2
39,59729.10458135188,633,16749.074830564557,39,15.731774991066764,27,1,3,4
57,87588.16126706601,513,24468.883750938712,34,21.12625771932653,16,1,3,4
44,68354.08319295319,554,9581.597041849182,38,20.44699773888061,15,0,3,3
57,103293.25523083589,639,33718.26094094341,45,10.517172744697667,7,1,3,4
32,104103.64872096876,664,23684.39296617857,42,15.844079368986495,19,1,3,3
58,82498.75745492846,528,22697.724719071502,24,14.447568165591818,19,1,3,2
49,114260.8492747621,561,26671.695473997195,27,10.800752601082593,21,1,3,3
56,82226.73375695325,467,24943.6426105985,38,16.264362018188276,26,1,0,4
35,95866.32337933616,748,13583.994787372516,41,20.40690479553999,19,1,3,3
41,62860.61652746517,504,19343.32878146648,31,18.360073793304924,28,1,3,3
46,87249.53882042563,535,25218.473138384878,44,11.066533839910036,22,1,3,5
42,82118.68512240234,673,30293.024587389315,25,12.009290160211432,18,1,3,4
50,73562.70201898659,625,35783.67930554002,38,18.1784445427016,7,1,3,4
50,123234.31841492157,543,26179.29632976541,32,10.287018111729816,19,1,3,3
50,91165.79756385386,606,19287.51562176747,39,17.942126101221312,23,1,3,4
50,93509.25800836236,527,24180.83483148859,42,13.992514868047165,17,1,3,4
48,87079.8427587833,412,21045.78784886288,28,19.70354308378554,11,0,3,3
57,104123.98086127608,517,23028.432868747677,38,11.527066097156938,22,1,3,4
50,32143.11330653654,514,16938.81042115454,34,14.530769777401344,20,1,3,4
46,144698.38373401688,554,23909.655995144916,37,16.447804244833996,15,1,3,4
45,83817.26417857947,710,25162.043139496134,21,16.37313483979364,25,1,3,2
50,127126.49303406411,541,22767.01030077812,51,13.463387831622155,19,0,3,3
47,50682.957953196914,714,10992.409559344667,36,17.421704049067888,17,1,3,4
57,73521.15586817668,527,21589.409144077672,42,14.1591766481404,20,1,3,4
49,57941.03216508,616,13592.405506426314,34,16.372210990607577,17,1,3,3
46,56256.13686410664,719,18923.267238569188,43,12.127777570765977,22,1,3,4
58,60576.00829614653,544,12250.580630238268,44,12.666815584389717,30,1,3,5
58,78600.89358405051,549,26998.711070226887,14,20.83515627435944,22,1,3,2
32,100215.3799561478,748,16644.09439887856,39,21.161286054375225,20,1,3,2
44,64795.183221134575,717,26186.91937265077,32,10.517776299429004,22,1,3,3
42,62091.870306274985,658,35751.0876298892,44,10.946432555934411,5,1,3,4
43,92635.44397962154,633,19762.395053770037,34,17.404530518970063,16,1,3,2
53,58287.843875814215,531,22979.78099342041,35,15.610560846671737,20,0,0,4
41,84380.22434301804,701,23917.82908232332,37,15.82945106458019,15,1,3,3
51,98991.3066192806,715,17995.593575500126,26,17.384343616048145,16,1,3,3
57,79256.19344201559,568,26600.589239191864,30,13.987898755562158,21,1,3,2
46,150000.0,599,14606.074452391556,46,15.947076814953586,23,1,3,2
39,111753.05956763757,614,24097.251548373475,42,5.731853812983506,19,1,3,3
55,80467.84154624207,610,30712.09682313689,27,15.095888531748098,16,1,3,3
49,104287.11873944494,563,27818.33092376811,27,18.362912776827,11,1,3,4
34,71435.05698609343,579,25173.340378152097,40,8.631725041477331,19,1,3,2
52,73012.96170799548,575,14832.366934853895,36,21.763983126953978,14,0,3,4
34,71035.63298407399,521,18456.864870152764,33,17.837545840864674,12,1,3,4
44,99677.27919847904,627,21782.040648548114,36,13.07993084330544,24,0,3,4
47,83265.87153151588,401,30450.7703236404,33,17.3165147530543,22,1,3,4
40,121134.59519832046,648,20387.18941063692,48,19.704361949580772,21,1,3,2
56,55327.54320184933,642,26851.27791375129,34,12.752045395263533,17,1,3,4
54,91712.98370226123,772,42493.66088264692,26,15.742416954196203,15,1,3,5
38,123052.30605665046,703,25527.610298221534,31,22.163309022255024,20,1,3,4
55,74441.05334666479,479,26513.10507152772,32,19.15648324534507,22,1,3,4
46,80190.59598173667,475,20693.156893079115,28,8.952045833261804,22,1,3,3
53,75268.12717901402,486,31140.78453402072,28,22.89175895193326,22,0,3,5
47,53706.96116180408,564,18939.344718346885,34,18.265509334469453,19,1,3,4
47,95765.87330246095,400,28598.338111854,31,20.34807192478659,22,1,3,3
53,112022.4849279738,532,22158.57127214659,37,11.489652402989863,9,1,3,3
40,116461.14830686008,704,27020.558334626738,26,14.701449726837684,16,1,3,5
69,81063.01968369762,563,36605.94396138437,24,17.920079985156608,14,1,3,4
34,82601.05380169624,440,24381.751958506367,30,18.729033097906417,28,1,3,4
59,63425.66937264428,640,1079.5624488747096,45,15.309950482482478,15,1,3,4
45,93413.25029517924,624,18845.75958520009,43,13.20331268691199,19,1,3,4
59,38887.61933491613,572,28116.216436505965,28,21.72794412315213,12,1,3,4
59,76377.2648160154,576,21400.69554539927,38,14.043681272578482,19,1,3,4
40,105811.75895806646,712,20158.4539555413,38,14.88681336451163,17,1,3,2
35,103799.31165045254,637,30804.714613428176,31,18.26900576328921,13,1,3,4
56,97341.96769163731,526,21406.39443530792,48,15.12552853379984,19,1,3,5
40,101452.3820428324,624,14333.432115202664,47,9.520264718105162,19,1,3,3
18,92558.44731912832,563,18573.681217004996,32,11.698628042411704,24,1,0,4
63,59627.47627312175,486,28310.801411562697,25,11.260068032762767,21,1,3,4
44,94170.66708415172,722,29170.611341331813,35,13.438214373626067,16,1,3,4
52,96947.14759270407,396,18476.74938406867,29,10.425909654206189,21,1,3,2
45,128222.66733794706,634,32891.185123985946,26,18.726391519428315,14,1,3,5
69,66322.77083163099,386,16050.369924963858,40,23.08090987486403,20,1,3,4
60,83662.66821621225,514,16094.58562736136,37,10.615225667420429,17,1,3,4
46,84640.48483014677,471,30535.160905618963,41,13.858033549925572,20,1,3,4
57,62957.92199250356,632,32965.276567726345,44,18.45688512613329,8,1,3,4
52,76242.28631328247,519,19727.74525185544,31,18.2683075635296,16,1,3,4
42,89148.02797054788,502,28614.872094177084,34,17.84234266174309,27,1,3,4
44,86559.14964942745,764,40972.06437625206,32,10.48531639841859,11,1,3,1
47,118875.32556775156,420,27193.63559066952,28,11.406519521167722,20,1,3,4
35,110649.8774502305,672,24598.05171585806,33,14.54680117333402,12,1,3,3
47,44449.445865354,596,20433.921785983024,31,16.523518538871834,22,1,3,4
37,90694.30133250893,611,26694.7788462386,29,10.08934166248024,16,1,3,3
46,112281.1571808743,462,21448.441327988206,27,14.67383590130942,24,1,3,5
38,98093.81308245838,733,18812.198661757026,34,17.61368211919987,14,1,0,3
53,104945.7469905075,678,16800.16226181972,39,13.3973736372798,21,1,3,4
37,79145.63364472678,771,15887.2593719918,34,14.580223324836371,20,0,0,2
59,60743.80714113753,434,19665.651997731173,35,14.620671855964376,11,1,3,3
47,51777.549241354674,666,27634.197517012373,16,15.639906065489477,26,1,3,4
49,110150.0280609147,657,40991.42330915235,42,11.35973077207668,5,1,3,4
32,109450.48640960168,509,24026.263024548607,42,12.088047233909377,21,1,3,4
41,127213.34064014773,692,27959.233079486687,32,18.870109141208964,18,1,3,4
39,127371.37724995776,611,17783.500757015823,35,17.919983576425658,17,1,3,3
45,98505.85464011946,627,17673.3864253851,32,16.160939845277454,18,1,3,5
62,46912.05210419824,707,13431.479967341442,33,15.552945346075145,11,1,3,4
41,106455.5186545836,721,15457.634501125627,41,14.39207851101494,25,1,3,3
44,81052.52747448116,692,25590.000281054443,32,12.65672402671168,29,1,3,5
51,94320.2777360933,738,27402.68548143439,24,21.79871664957459,21,1,3,3
51,85227.76485462411,565,27887.81146704607,22,15.811575361429814,16,1,3,3
55,71864.85572170012,529,20002.863321602483,29,17.39471319451004,16,1,3,2
46,66343.2128283659,545,23123.027739291774,38,12.648015507977894,22,1,3,4
49,53774.44945796038,643,17275.251429192213,39,14.408215377192835,30,1,3,4
37,83572.5994646555,497,31262.882531624127,36,16.171170513745416,23,1,3,4
54,103215.53051121358,415,23223.38203855514,30,18.974140948419368,22,1,3,4
42,62006.32503734643,621,14313.505319212836,29,18.197269542932027,13,1,3,3
52,80617.08966766938,455,33834.40618815851,31,19.26147507770532,15,1,3,4
44,93745.71472057368,415,25429.40016945806,32,21.58843682541423,34,1,3,5
49,69178.25130724761,598,13115.313317643871,37,18.49006934117496,15,1,3,4
55,99368.45815581546,694,21447.30118605108,35,16.189070357718627,17,1,3,4
47,76432.02530742351,635,19400.070772556093,42,11.086363186398202,30,1,3,5
47,150000.0,593,22478.932529925594,37,20.134948221552765,16,1,3,3
52,119379.98575786786,631,21316.834730185303,40,23.005643588717653,17,1,3,4
38,74123.89520988798,774,35286.03928222317,34,9.938392339535854,17,1,3,3
54,56894.40989466191,545,20361.621443603664,33,20.520576331016876,17,1,3,5
55,124131.30337113555,565,23110.96621292049,26,13.15808461305694,17,1,3,1
50,129671.0534508851,678,34478.43448083015,28,12.665795607675944,14,1,3,3
43,72459.27517315692,667,40091.986326303806,35,12.75949365192484,9,1,3,4
51,105712.29392529804,555,33952.34742587343,38,14.596203545677128,27,0,3,4
44,77861.3628663658,651,23851.29586484623,38,20.52968526914029,32,1,3,3
